<?xml version='1.0' encoding='UTF-8'?>
<?artifactRepository version='1.1.0'?>
<repository name='file:/G:/workspace/Anypointworkspace/time-zone-connector/target/update-site/ - artifacts' type='org.eclipse.equinox.p2.artifact.repository.simpleRepository' version='1'>
  <properties size='2'>
    <property name='p2.timestamp' value='1500525071775'/>
    <property name='p2.compressed' value='false'/>
  </properties>
  <mappings size='3'>
    <rule filter='(&amp; (classifier=osgi.bundle))' output='${repoUrl}/plugins/${id}_${version}.jar'/>
    <rule filter='(&amp; (classifier=binary))' output='${repoUrl}/binary/${id}_${version}'/>
    <rule filter='(&amp; (classifier=org.eclipse.update.feature))' output='${repoUrl}/features/${id}_${version}.jar'/>
  </mappings>
  <artifacts size='2'>
    <artifact classifier='org.eclipse.update.feature' id='org.mule.tooling.ui.extension.time-zone-connector.3.5.0' version='1.0.0.201707200031'>
      <properties size='4'>
        <property name='artifact.size' value='648'/>
        <property name='download.size' value='648'/>
        <property name='download.md5' value='67ae5a696944697a9d5b8db7a8e300d1'/>
        <property name='download.contentType' value='application/zip'/>
      </properties>
    </artifact>
    <artifact classifier='osgi.bundle' id='org.mule.tooling.ui.contribution.time-zone.3.5.0' version='1.0.0.201707200031'>
      <properties size='3'>
        <property name='artifact.size' value='333909'/>
        <property name='download.size' value='333909'/>
        <property name='download.md5' value='80692cf7f1ed69e0f5feee340c4584c3'/>
      </properties>
    </artifact>
  </artifacts>
</repository>
